Alfredo Sauce,36
Anchovies,53
Artichoke,80
Artichokes,195
Arugula,49
Asiago Cheese,113
Bacon,105
Barbecue Sauce,87
Barbecued Chicken,87
Beef Chuck Roast,80
Blue Cheese,72
Brie Carre Cheese,11
Calabrese Salami,70
Capocollo,250
Caramelized Onions,11
Chicken,305
Chipotle Sauce,131
Chorizo Sausage,32
Cilantro,130
Coarse Sicilian Salami,75
Corn,131
Eggplant,32
Feta Cheese,183
Fontina Cheese,115
Friggitello Peppers,54
Garlic,962
Genoa Salami,65
Goat Cheese,127
Gorgonzola Piccante Cheese,95
Gouda Cheese,80
Green Olives,214
Green Peppers,174
Italian Sausage,33
Jalapeno Peppers,202
Kalamata Olives,144
Luganega Sausage,75
Mozzarella Cheese,348
Mushrooms,285
Nduja Salami,48
Onions,76
Oregano,62
Pancetta,51
Parmigiano Reggiano Cheese,92
Pears,12
Peperoncini verdi,84
Pepperoni,270
Pesto Sauce,106
Pineapple,165
Plum Tomatoes,49
Prosciutto,11
Prosciutto di San Daniele,49
Provolone Cheese,71
Red Onions,676
Red Peppers,516
Ricotta Cheese,95
Romano Cheese,72
Sliced Ham,89
Smoked Gouda Cheese,71
Soppressata Salami,40
Spinach,314
Sun-dried Tomatoes,72
Thai Sweet Chilli Sauce,94
Thyme,11
Tomatoes,921
Zucchini,83
